id,label,adresse,city,dep,cp,type,x,y,localisation,appariement,score
0010197J,Ecole maternelle Charles Robin,2 Place du Maquis,Bourg-en-Bresse,1,1000,primaire,46.20652022766721,5.23559051973345,Numéro de rue,need_update,
3218,ESP PETITE ENFANCE DU BASTION,2 Rue C. Jarrin 1000 BOURG-EN-BRESSE,Bourg-en-Bresse,1,1000,crèche,46.2068370028807,5.2224872400028,,need_update,
3221,ESP PETITE ENFANCE DU PELOUX,19 Rue Comte de la Teyssonnière 1000 BOURG-EN-BRESSE,Bourg-en-Bresse,1,1000,crèche,46.1967919839246,5.2103602800028,,need_update,
3217,ESP PTITE ENFANCE L CARNOT,16 bis Rue L. Carnot 1000 BOURG-EN-BRESSE,Bourg-en-Bresse,1,1000,crèche,46.2003684354869,5.23048608000281,,need_update,
0010159T,Ecole élémentaire Le Planet,1 Rue Jules Ferry,Arbent,1,1100,primaire,46.29154810624446,5.6803298438158905,Numéro de rue,need_update,
0010143A,Ecole primaire,Ruelle du Puits Saint Martin,Apremont,1,1100,primaire,46.20715329626029,5.659770240456597,Ville,need_update,
0010158S,Ecole primaire,73 Bis r Geilles,Oyonnax,1,1100,primaire,46.236986280084615,5.669300416397288,Lieu-dit,need_update,
0010171F,Ecole primaire,Chemin du Moulin de Nerciat,Groissiat,1,1100,primaire,46.22702373250502,5.61575938586372,Rue,need_update,
3015,MULTI ACCUEIL OYONNAX,14 Bis Rue René Nicod 1100 OYONNAX,Oyonnax,1,1100,crèche,46.2689370134906,5.65280028000303,,need_update,
0010025X,Collège Paul Sixdenier,95 Rue DES ENFANTS DE L'ESPERANCE,Plateau d'Hauteville,1,1110,secondaire,45.976311,5.601032,Rue,need_update,0.8658241623651179
0010404J,Ecole primaire,le bourg,Champdor-Corcelles,1,1110,primaire,46.017634996671376,5.59714021239759,Ville,need_update,
0010278X,Ecole primaire,340 Rue Mairie,Thil,1,1120,primaire,45.8140570912784,5.019739958006473,Numéro de rue,need_update,
0010155N,Ecole primaire,294 rue La Traversée,Le Poizat-Lalleyriat,1,1130,primaire,46.15398476341199,5.713698156418152,Ville,need_update,
0010844M,Ecole primaire privée Sainte Thérèse,4 montée de l'Abbaye,Nantua,1,1130,primaire,46.15230635733121,5.608910272429396,Numéro de rue,need_update,
0010562F,Ecole primaire,Chemin du Port et de l'école,Varambon,1,1160,primaire,46.039405,5.316796,Rue,need_update,0.6847285805995376
0010128J,Ecole maternelle,64 Avenue Perdtemps,Gex,1,1170,primaire,46.336096725456514,6.058559595937331,Numéro de rue,need_update,
0010137U,Ecole primaire Clément Chazalet,60 Rue des Maures,Echenevex,1,1170,primaire,46.308519886815006,6.035280628580055,Numéro de rue,need_update,
0010297T,Ecole primaire privée Sainte Marie,584 Route de Saint Maurice,Chevry,1,1170,primaire,46.28205088190026,6.043709835717848,Numéro de rue,need_update,
0010325Y,Ecole maternelle,le bourg,Saint-Etienne-sur-Reyssouze,1,1190,primaire,46.41486589993531,4.999020000984798,Ville,need_update,
0010322V,Ecole primaire,le bourg,Reyssouze,1,1190,primaire,46.43298447635665,4.920349628152021,Ville,need_update,
3129,MA LES MILLE PATTES BELLEGARDE,6 Rue H. Berlioz 1200 BELLEGARDE-SUR-VALSERINE,Bellegarde-sur-valserine,1,1200,crèche,46.1052935407287,5.82159420000312,,need_update,
0010226R,Ecole primaire,CHEF LIEU,Arvière-en-Valromey,1,1260,primaire,45.931427448888506,5.759663462765534,Lieu-dit,need_update,
0010334H,Ecole primaire,141 Rue Villa Croteldi,Crottet,1,1290,primaire,46.27716635229152,4.892859743348767,Ville,need_update,
0010336K,Ecole primaire,le bourg,Cruzilles-lès-Mépillat,1,1290,primaire,46.22387238898453,4.882219958271204,Ville,need_update,
0010339N,Ecole primaire,40 chemin des Ecoliers,Laiz,1,1290,primaire,46.24799268738165,4.890619401259847,Ville,need_update,
0010514D,Ecole primaire,8 place de l'église,Groslée-Saint-Benoit,1,1300,primaire,45.713922420334036,5.569987489323094,Rue,need_update,
0010222L,Ecole primaire,1 Place de la Mairie,Ceyzérieu,1,1350,primaire,45.83539487336441,5.726369879757778,Ville,need_update,
0010316N,Ecole élémentaire,le bourg,Saint-Genis-sur-Menthon,1,1380,primaire,46.28212619141473,5.009020490044407,Ville,need_update,
0010386P,Ecole primaire,La gripinière,Bâgé-le-Châtel,1,1380,primaire,46.310333327097496,4.929630054426719,Rue,need_update,
0010256Y,Ecole maternelle,Le bourg,Rancé,1,1390,primaire,45.96535672342781,4.870109961224871,Ville,need_update,
0010264G,Ecole primaire,3 Lotissement le Village,Monthieux,1,1390,primaire,45.956730660370546,4.940089646674852,Ville,need_update,
0010389T,Ecole primaire,le village,Saint-Jean-de-Thurigneux,1,1390,primaire,45.95139585267249,4.882240543024966,Numéro de rue,need_update,
0010390U,Ecole primaire,chef lieu,Chézery-Forens,1,1410,primaire,46.22304663016469,5.868299630114306,Ville,need_update,
0010213B,Ecole primaire,81 Rue de la Poste,Corbonod,1,1420,primaire,45.97121924305585,5.810860612705453,Numéro de rue,need_update,
0010153L,Ecole maternelle Les Tilleuls,14 Rue des Tilleuls,Montréal-la-Cluse,1,1460,primaire,46.174219431220415,5.577389995093219,Numéro de rue,need_update,
3102,MULTI ACCUEIL LES PTITS MOMES,112 Rue des Apôtres 1500 AMBERIEU-EN-BUGEY,Ambérieu-en-Bugey,1,1500,crèche,45.9688155741057,5.35502628000287,,need_update,
0010228T,Ecole élémentaire,7 Rue des Ecoles,Artemare,1,1510,primaire,45.8753510882782,5.694700038890823,Numéro de rue,need_update,
0010040N,Collège Louis Vuitton,44 Rue de l'Ancien Collège,Saint-Trivier-de-Courtes,1,1560,secondaire,46.45889674279775,5.0788299644210895,Numéro de rue,need_update,
0010306C,Ecole élémentaire,Mantenay,Mantenay-Montlin,1,1560,primaire,46.42441910241536,5.098509851782209,Ville,need_update,
0010305B,ECOLE MATERNELLE PUBLIQUE,le bourg,Lescheroux,1,1560,primaire,46.407284149215876,5.143169640274466,Ville,need_update,
0010321U,Ecole primaire,100 route de Varennes,Cormoz,1,1560,primaire,46.44970997868363,5.2329594676224085,Ville,need_update,
0010178N,Ecole primaire,HEYRIAT,Sonthonnax-la-Montagne,1,1580,primaire,46.22113333452213,5.512499648097428,Lieu-dit,need_update,
0010239E,Ecole élémentaire Béluizon,720 Chemin des Corbettes,Trévoux,1,1600,primaire,45.944366782698815,4.7663303280039955,Numéro de rue,need_update,
0010252U,Ecole primaire,49 Grande rue,Misérieux,1,1600,primaire,45.97421377870186,4.810419793371727,Numéro de rue,need_update,
0010374B,Ecole primaire Spinosa,387 rue de la Saône,Saint-Bernard,1,1600,primaire,45.945648430524045,4.736359940175309,Numéro de rue,need_update,
3051,MULTI ACC ESPACE TALANCONNAIS,112 chemin de Veissieux-le-Haut 1600 REYRIEUX,Reyrieux,1,1600,crèche,45.9338467219052,4.82528736000259,,need_update,
0010277W,Ecole maternelle Saint-Exupéry,3 Place Charles de Gaulle,Saint-Maurice-de-Beynost,1,1700,primaire,45.82856108339435,4.979270435856661,Numéro de rue,need_update,
0010281A,Ecole primaire,LE MAS RILLIER,Miribel,1,1700,primaire,45.83081175282525,4.950349850994174,Numéro de rue,need_update,
3119,Multi accueil Ilot Calin Vichy,21 Rue d'Alsace 3200 VICHY,Vichy,3,3200,crèche,46.1302553191573,3.42910836000184,,need_update,
0071231A,Lycée agricole privé d'Annonay,5 chemin Saint-Denis et Montée du Savel,Annonay,7,7100,secondaire,45.240057454583294,4.674350561426335,Numéro de rue,need_update,
1940,MA LA SOURIS VERTE VALENCE,9 Rue D ARMENIE 26000 VALENCE,Valence,26,26000,crèche,44.9336003263935,4.89490344000263,,need_update,
0260531L,Ecole primaire,250 Rue du Bancel,Albon,26,26140,primaire,45.24856837384303,4.868739714529619,Lieu-dit,need_update,
0260694N,Ecole primaire de la Rotonde,PLACE JEROME CAVALLI,Lapeyrouse-Mornay,26,26210,primaire,45.32269717441745,4.9946801694625655,Numéro de rue,need_update,
0260689H,Ecole François Eynard,Le Village,Jaillans,26,26300,primaire,45.028504863217925,5.174799611729085,Ville,need_update,
0260559S,Ecole primaire Barbières,15 rue de la Bise,Barbières,26,26300,primaire,44.956084,5.139391,Rue,need_update,0.8605857711258815
1636,MA 3 PETITS CHAUSSONS ALIXAN,10 Rue du colombier 26300 ALIXAN,Alixan,26,26300,crèche,44.9737012409966,5.0273744400027,,need_update,
0261098C,Maison Familiale Rurale de Châteauneuf,5 Rue de la Cure,Châteauneuf-sur-Isère,26,26300,,45.01476267460004,4.93993994735371,Ville,need_update,
0261067U,Lycée agricole privé de Châteauneuf-de-Galaure,18 rue du Stade,Châteauneuf-de-Galaure,26,26330,secondaire,45.22740877979947,4.952269910350026,Numéro de rue,need_update,
0260601M,Ecole maternelle Barthelon,9 Quai Thannaron,Bourg-lès-Valence,26,26500,primaire,44.939265003467256,4.890050197545344,Numéro de rue,need_update,
0260936B,Ecole maternelle Jean Moulin,8 Avenue Jean Moulin,Bourg-lès-Valence,26,26500,primaire,44.94809673573251,4.898860339756682,Numéro de rue,need_update,
0260779F,Ecole maternelle Moulin d'Albon,19 Rue Jules Ferry,Bourg-lès-Valence,26,26500,primaire,44.95015048183715,4.9045801131547115,Numéro de rue,need_update,
0260985E,Ecole publique Emile Barthelon,8 Quai Thannaron,Bourg-lès-Valence,26,26500,primaire,44.9394907579013,4.890279714138509,Numéro de rue,need_update,
1648,MA AUX P TITS MOMES BG LES VLC,9 Avenue TONY GARNIER 26500 BOURG LES VALENCE,Bourg-lès-Valence,26,26500,crèche,44.9464717774704,4.89174192000263,,need_update,
0260572F,Ecole Beaumont Monteux,16 Rue des Ecoles,Beaumont-Monteux,26,26600,primaire,45.019577880679584,4.922270197091965,Numéro de rue,need_update,
0260668K,Ecole Gervans,1 Place des Amandiers,Gervans,26,26600,primaire,45.10879929767931,4.829419674286242,Numéro de rue,need_update,
0260696R,Ecole Larnage,MONTEE DE LA FORGE,Larnage,26,26600,primaire,45.09929669799901,4.86722003668279,Rue,need_update,
0260826G,Ecole primaire privée Saint-Joseph,21 Rue des Écoles,Beaumont-Monteux,26,26600,primaire,45.01842483441363,4.921500455447969,Ville,need_update,
0260157E,Ecole publique Chantemerle les Blés,150 rue des écoles,Chantemerle-les-Blés,26,26600,primaire,45.111460804485915,4.897790318020988,Ville,need_update,
1897,MA LES P'TITS BOUCHONS TAIN,1 Rue DU BOIS DE L'EUROPE 26600 TAIN L'HERMITAGE,Tain-l'Hermitage,26,26600,crèche,45.0731216289387,4.83449832000259,,need_update,
628,EAJE CHARREL GRENOBLE,20 bis Rue CHARREL 38000 GRENOBLE,Grenoble,38,38000,crèche,45.1822539345847,5.71416264000307,,need_update,
956,EAJE NEW YORK,25 bis Rue DE NEW YORK 38000 GRENOBLE,Grenoble,38,38000,crèche,45.1841043575862,5.71329828000307,,need_update,
0383235K,Ecole maternelle Marie Reynoard,46 Allée des Romantiques,Grenoble,38,38100,primaire,45.16560478530941,5.725080517361841,Numéro de rue,need_update,
705,CR HOPITAL SUD LES BOUT CHOUS,19 Avenue DE KIMBERLEY 38130 ECHIROLLES,Echirolles,38,38130,crèche,45.1468295497488,5.72817960000307,,need_update,
0380446D,Ecole maternelle Danielle Casanova,34 Rue des Grottes de la Luire,Echirolles,38,38130,primaire,45.14369197606222,5.699479652414555,Numéro de rue,need_update,
0380443A,Ecole maternelle Joliot-Curie,8 Avenue Joliot Curie,Echirolles,38,38130,primaire,45.144335615789174,5.735260040795987,Numéro de rue,need_update,
710,HG LES ECUREUILS,14 RUE MISSAK MANOUCHIAN 38130 ECHIROLLES,Echirolles,38,38130,crèche,45.1429453017106,5.71555044000307,,need_update,
711,MA LES PETITS CEDRES,2 Allée Joseph KESSEL 38130 ECHIROLLES,Echirolles,38,38130,crèche,45.1479260290663,5.72267520000307,,need_update,
0380759U,Ecole primaire,Le Village,Montaud,38,38210,primaire,45.26155368584448,5.56497941147659,Ville,need_update,
0381565V,Ecole maternelle Le Haut,2 bis Chemin de l'Ancienne Mairie,Meylan,38,38240,primaire,45.21720415808697,5.778540460928743,Numéro de rue,need_update,
0380224M,Ecole primaire Boussieu,1 Impasse Maison Blanche,Bourgoin-Jallieu,38,38300,primaire,45.581178284152216,5.299299938943871,Numéro de rue,need_update,
0380648Y,Ecole primaire Montbernier,44 Chemin de Montbernier,Bourgoin-Jallieu,38,38300,primaire,45.602825269398515,5.30346956153857,Numéro de rue,need_update,
0382432M,Maison Familiale Rurale de Bourgoin-Jallieu,88 route de Lyon La Grive,Bourgoin-Jallieu,38,38300,,45.60227965173984,5.228749938181228,Numéro de rue,need_update,
0382436S,Maison Familiale Rurale de Bourgoin-Jallieu,88 route de Lyon La Grive,Bourgoin-Jallieu,38,38300,,45.61741786624926,5.285649706947932,Rue,need_update,
716,CRECHE FAMILIALE,10 place Coulmes 38320 EYBENS,Eybens,38,38320,crèche,45.1470095682935,5.75144856000309,,need_update,
717,MA LE JARDIN DES COULEURS,2 place Michel de Montaigne 38320 EYBENS,Eybens,38,38320,crèche,45.1749938848757,5.76210456000309,,need_update,
0382224L,Ecole maternelle des Vignes,120 Chemin Ray Buisson,Saint-Ismier,38,38330,primaire,45.24555631914899,5.828310218141007,Numéro de rue,need_update,
0382164W,Ecole primaire Le Château,4 Rue Paul Verlaine,Sassenage,38,38360,primaire,45.214743136258896,5.658990180083131,Numéro de rue,need_update,
0381245X,Ecole primaire Rivoire de la Dame,1 Rue des Parcs,Sassenage,38,38360,primaire,45.21452568495335,5.651159874620464,Numéro de rue,need_update,
0383030M,Ecole primaire Vercors,28 Chemin du Gua,Sassenage,38,38360,primaire,45.2092390365218,5.663010286603589,Numéro de rue,need_update,
0381812N,Collège Fernand Léger,17 Rue GEORGES BRAQUE,Saint-Martin-d'Hères,38,38400,secondaire,45.16935681156157,5.765380211223304,Numéro de rue,need_update,
897,CC LA VOIE LACTEE ST ETI ST G.,"18 Avenue Louis Blériot,  Zone ZAC Grenoble Air Parc 38590 ST-ETIENNE-DE-ST-GEOIRS",Saint-Geoirs,38,38590,crèche,45.3237749852043,5.36715540000288,,need_update,
0380527S,Ecole maternelle René Cassin,2 Rue de l'Isère,Gières,38,38610,primaire,45.18318133095934,5.793199978306812,Numéro de rue,need_update,
0381388C,Ecole primaire,Chemin de l'école,Venon,38,38610,primaire,45.16965824574774,5.803630107001886,Lieu-dit,need_update,
0430027W,Collège Roger Ruel,Les sagnes,Saint-Didier-en-Velay,43,43140,secondaire,45.30195236715203,4.273840375253978,Ville,need_update,
0631225P,Lycée professionnel agricole de Rochefort-Montagne,Ancienne RN 89,Rochefort-Montagne,63,63210,secondaire,45.686905396127486,2.8006300487777875,Rue,need_update,
7124,MULTI ACCUEIL CHAMPEIX,6 Place DU FOIRAIL 63320 CHAMPEIX,Champeix,63,63320,crèche,45.5892869444486,3.12990048000168,,need_update,
7143,MICRO CRECHE SAINT LAURE,37 Rue DU STADE 63350 SAINT-LAURE,Saint-laure,63,63350,crèche,45.9040600256064,3.29587668000177,,need_update,
6008,MULTI ACCUEIL PETITS MOUSSES,8 Avenue BERGOUGNAN 63400 CHAMALIERES,Chamalières,63,63400,crèche,45.7795910399273,3.06843408000165,,need_update,
7895,EAJE LPCR CHAMBOVET 2,18 Rue CHAMBOVET 69003 LYON 03,Lyon 3e  Arrondissement,69,69003,crèche,45.7484881869428,4.89578364000263,,need_update,
7933,EAJE MYRTILLE,40 Cours Richard Vitton 69003 LYON 03,Lyon 3e  Arrondissement,69,69003,crèche,45.7535471034444,4.89161340000263,,need_update,
7960,EAJE JOLIOT CURIE,25 Rue Joliot Curie 69005 LYON 05,Lyon 5e  Arrondissement,69,69005,crèche,45.7565450844597,4.79425968000257,,need_update,
7961,EAJE TRION,6 Rue DES FOSSES DE TRION 69005 LYON 05,Lyon 5e  Arrondissement,69,69005,crèche,45.756563294652,4.81222008000258,,need_update,
7952,JAENF DU 5 EME,29 rue Cdt Charcot 69005 LYON 05,Lyon 5e  Arrondissement,69,69005,crèche,45.7492285019396,4.79453724000257,,need_update,
8233,EAJE LA MAISON DES TOUT PETITS,1 Rue JANGOT 69007 LYON 07,Lyon 7e  Arrondissement,69,69007,crèche,45.7517929002821,4.8427740000026,,need_update,
8232,EAJE NADAUD,4 Rue Gustave Nadaud 69007 LYON 07,Lyon 7e  Arrondissement,69,69007,crèche,45.7440455883016,4.83249564000259,,need_update,
8251,EAJE HENRI BARBUSSE,46 Rue Henri Barbusse 69008 LYON 08,Lyon 8e  Arrondissement,69,69008,crèche,45.731047625872,4.85869680000261,,need_update,
8255,EAJE POM CANNELLE,10 bis Rue Antoine Lumière 69008 LYON 08,Lyon 8e  Arrondissement,69,69008,crèche,45.7414903812509,4.86862740000261,,need_update,
8248,EAJE VIVIANI,19ter Avenue Viviani 69008 LYON 08,Lyon 8e  Arrondissement,69,69008,crèche,45.7238705779761,4.87353636000262,,need_update,
8595,EAJE EPINETTE,26 bis Rue Saint-Pierre de Vaise 69009 LYON 09,Lyon 9e  Arrondissement,69,69009,crèche,45.7720199714699,4.80478140000258,,need_update,
8594,EAJE LA SAUVAGERE,24 bis Quai Paul Sédaillan 69009 LYON 09,Lyon 9e  Arrondissement,69,69009,crèche,45.7834749784742,4.80146472000258,,need_update,
8448,EAJE ROULE TA BULLE LYON,24 Rue Sergent Michel Berthet 69009 LYON 09,Lyon 9e  Arrondissement,69,69009,crèche,45.7685955414244,4.80554100000258,,need_update,
8556,EAJE ST RAMBERT,2 Rue Marc Boegner 69009 LYON 09,Lyon 9e  Arrondissement,69,69009,crèche,45.8002439835621,4.82595228000259,,need_update,
7995,EAJEP CASSE NOISETTES,89 Rue PIERRE VOYANT 69100 VILLEURBANNE,Villeurbanne,69,69100,crèche,45.7712985408673,4.89857004000263,,need_update,
8105,EAJE AU CLAIR DU MAS,5 Rue des Frères Bertrand 69120 VAULX EN VELIN,Vaulx-en-Velin,69,69120,crèche,45.7846010692046,4.91297544000264,,need_update,
8111,EAJE L ARC EN CIEL,12 Rue LOUIS DUCLOS 69120 VAULX EN VELIN,Vaulx-en-Velin,69,69120,crèche,45.7914983335674,4.92440400000264,,need_update,
8103,EAJE LA RIBAMBELLE,43 rue Ernest Renan 69120 VAULX EN VELIN,Vaulx-en-Velin,69,69120,crèche,45.7846010692046,4.91297544000264,,need_update,
8117,EAJE GRIBOUILLE VIVIANI,2 allée des acacias 69200 VENISSIEUX,Vénissieux,69,69200,crèche,45.7217864502648,4.87072152000261,,need_update,
8123,EAJE PAIN D'EPICES,85 Boulevard du Docteur Coblod 69200 VENISSIEUX,Vénissieux,69,69200,crèche,45.6993215691134,4.89350808000263,,need_update,
8120,EAJE PARILLY,2 Rue Joannes Vallet 69200 VENISSIEUX,Vénissieux,69,69200,crèche,45.7191066893927,4.88687256000262,,need_update,
8121,EAJEF LE SAC DE BILLES,4 Place de la Paix 69200 VENISSIEUX,Vénissieux,69,69200,crèche,45.6986476000918,4.88489976000262,,need_update,
0693561W,Ecole primaire,98 Rue des Écoles,Dracé,69,69220,primaire,46.156519158257694,4.766590424906486,Ville,need_update,
0691329V,Ecole primaire Mardore,La chapelle de Mardore,Thizy-les-Bourgs,69,69240,primaire,46.05162529339522,4.355179473601972,Lieu-dit,need_update,
7916,EAJE LA COLOMBE GREZIEU,"2 grande rue, 69290 GREZIEU LA VARENNE",Grézieu-la-Varenne,69,69290,crèche,45.7461682017332,4.69308024000252,,need_update,
7976,EAJE PIERRE DE LUNE,4bis Rue du Dix Neuf Mars 1962 69310 PIERRE-BENITE,Pierre-Bénite,69,69310,crèche,45.7050152208025,4.81531608000259,,need_update,
7917,EAJEF PIERRE DE LUNE,4 Rue du Dix Neuf Mars 1962 69310 PIERRE-BENITE,Pierre-Bénite,69,69310,crèche,45.7050152208025,4.81531608000259,,need_update,
8136,EAJE LA PRUNELLE DE MES YEUX,215 Rue GUSTAVE EIFFEL 69330 MEYZIEU,Meyzieu,69,69330,crèche,45.7840582990737,5.0271768000027,,need_update,
8139,EAJE LA RITOURNELLE,2 bis Rue Jules Romain 69330 MEYZIEU,Meyzieu,69,69330,crèche,45.7774622908267,5.01896916000269,,need_update,
0691496B,Collège Jacques Prévert,1060 Avenue DE BURAGO DI MOLGORA,Saint-Symphorien-d'Ozon,69,69360,secondaire,45.632545,4.856971,Rue,need_update,0.8676729408429152
7913,EAJE ESPACE 3 POMMES,410 Rue JOSEPH VIOLET 69400 GLEIZE,Gleizé,69,69400,crèche,45.9957866250778,4.70493684000253,,need_update,
0690005F,Collège du Val d'Ardières,474 Rue de Verdun,Beaujeu,69,69430,secondaire,46.15156546857521,4.592400397254059,Numéro de rue,need_update,
0693986H,Ecole primaire,LE BOURG,Quincié-en-Beaujolais,69,69430,primaire,46.118721126728374,4.615449852226482,Ville,need_update,
0693336B,Ecole maternelle Le Trève,LE TREVE,Le Perréon,69,69460,primaire,46.062767892649155,4.592680518849198,Rue,need_update,
7727,EAJE LES PETITS ECUREUILS,12C Rue 35E REGIMENT D AVIATION 69500 BRON,Bron,69,69500,crèche,45.738885308867,4.92983892000265,,need_update,
0693750B,Ecole primaire,Le bourg,Ronno,69,69550,primaire,45.985052720028044,4.382840482290258,Ville,need_update,
0690464E,Ecole maternelle Joliot-Curie,16 Rue Pierre et Marie Curie,Givors,69,69700,primaire,45.58328590585238,4.772829918556434,Ville,need_update,
0690459Z,Ecole maternelle Paul Langevin,69700 Route d'Echalas,Givors,69,69700,primaire,45.58208864988338,4.756719537521466,Rue,need_update,
0694357L,Collège privé Aux Lazaristes - La salle,326 Chemin de la Sablière,Limonest,69,69760,secondaire,45.834318,4.770567,Rue,need_update,0.865852268311236
8045,EAJE LPCR LIMONEST,462 chemin de Champivost 69760 LIMONEST,Limonest,69,69760,crèche,45.8347097094661,4.76820000000256,,need_update,
0690610N,Ecole secondaire privée La Péraudière,3209 Route de St Martin,Montrottier,69,69770,secondaire,45.79013077763364,4.466349978582651,Ville,need_update,
8162,EAJE LES FUNAMBULES ST PRIEST,273 Allée Alexandre Borodine 69800 ST PRIEST,Saint-Priest,69,69800,crèche,45.7101477094469,4.93665624000265,,need_update,
0690170K,Ecole primaire François Mansart,7 Rue des Frères Lumière,Saint-Priest,69,69800,primaire,45.68974100976873,4.949230304486062,Numéro de rue,need_update,
0693560V,Ecole primaire,le bourg,Juliénas,69,69840,primaire,46.23549913633718,4.709970274762088,Ville,need_update,
0694287K,Ecole primaire privée Ecolline,"La Courbière, 69850 Saint-Martin-en-Haut",Saint-Martin-en-Haut,69,69850,primaire,45.66016732940296,4.558602916387936,Ville,need_update,
0690022Z,Collège de la Haute Azergues,Charbonnier,Lamure-sur-Azergues,69,69870,secondaire,46.054373864128785,4.492690497493175,Lieu-dit,need_update,
0694129N,Ecole élémentaire privée La Providence,34 Rue Baudelaire,Villié-Morgon,69,69910,primaire,46.14658206435564,4.6744506393495495,Numéro de rue,need_update,
0694204V,Ecole primaire privée Montessori en Beaujolais,933 Route de Saint-Joseph,Villié-Morgon,69,69910,primaire,46.16092466936147,4.679330442181831,Ville,need_update,
8400,EMA L ENFANT DO,Parc Rochette 73220 AIGUEBELLE,Aiguebelle,73,73220,crèche,45.531929310152,6.30839844000339,,need_update,
0730007L,Collège Le Beaufortain,Chemin de la Glirettaz,Beaufort,73,73270,secondaire,45.716837,6.572633,Rue,need_update,0.8634457110834663
0730707X,Ecole primaire,Le Crey,Champagny-en-Vanoise,73,73350,primaire,45.45585335085173,6.695949565513133,Numéro de rue,need_update,
0731018K,Ecole élémentaire le Chat perché,7 Rue des Ecoles,Le Bourget-du-Lac,73,73370,primaire,45.64879,5.859253,Rue,need_update,0.6526033955083632
0731027V,Ecole maternelle le P'tiou,7 Rue des Ecoles,Le Bourget-du-Lac,73,73370,primaire,45.64879,5.859253,Rue,need_update,0.6526033955083632
0730119H,Ecole primaire la Cascade,"Lieu-dit LA SERRAZ, 2980 Route de la Serraz",Le Bourget-du-Lac,73,73370,primaire,45.63835524442861,5.856080428019873,Rue,need_update,
0741360B,Ecole primaire publique Vallin Fier ANNECY,1 Rue Lucie Aubrac,Annecy,74,74000,primaire,45.92001892323996,6.122189561889957,Numéro de rue,need_update,
0741532N,Lycée général et technologique de l'Albanais,7 Rue du Lycée,Rumilly,74,74152,secondaire,45.87019463029226,5.933510386284722,Numéro de rue,need_update,
8768,CF LES PETITS ETERLOUS,173 Avenue de Genève,Saint-Gervais-les-Bains,74,74170,crèche,45.9063799528973,6.7017600000036,,need_update,
0740027C,Lycée polyvalent Mont Blanc René Dayve - Lycée des métiers de l' industrie,"71 Rue du Lycée, Allée des Etudiants,",Passy,74,74190,secondaire,45.90729901579288,6.706550621629984,Numéro de rue,need_update,
0741062C,Ecole élémentaire privée Sainte Thérèse LES VILLARDS-SUR-THONES,Voie Communale N°8 de Carouge au Plan Bourgeal,Les Villards-sur-Thônes,74,74230,primaire,45.90945423268295,6.368969967601994,Lieu-dit,need_update,
0741063D,Ecole maternelle privée La Croix LES VILLARDS SUR THONES,309 Route de borgel,Les Villards-sur-Thônes,74,74230,primaire,45.907252,6.365119,Ville,need_update,0.694006659278601
0740391Y,Ecole primaire publique CHILLY,Chef Lieu,Chilly,74,74270,primaire,45.993171237194936,5.9534193643993065,Rue,need_update,
0741752C,ECOLE DES AIGLONS,Les Follats,Cruseilles,74,74350,secondaire,46.04378284971871,6.141890466059106,Lieu-dit,need_update,
0741027P,Ecole primaire privée Saint Jean Baptiste LE GRAND BORNAND,117 Impasse de l'Ecole,Le Grand-Bornand,74,74450,primaire,45.94202046558271,6.42669984471786,Ville,need_update,
0741008U,Ecole primaire privée Notre Dame BELLEVAUX,149 route de Thonon,Bellevaux,74,74470,primaire,46.252806963436974,6.53998989704653,Rue,need_update,
0741009V,Ecole primaire privée Saint Ours BERNEX,Chef Lieu,Bernex,74,74500,primaire,46.36077365593172,6.675249355941612,Ville,need_update,
0741590B,Ecole secondaire privée Maison Saint Benoît,7 Rue DU PRE DE LA FONTAINE,Annecy,74,74600,secondaire,45.89121713511931,6.109620328338753,Numéro de rue,need_update,
0741281R,Collège privé Saint Joseph,147 Rue de Saint-Joseph,Sallanches,74,74703,secondaire,45.94071476052539,6.642640313173909,Ville,need_update,
0740098E,Lycée général et technologique privé Saint Joseph,147 Rue de Saint-Joseph,Sallanches,74,74703,secondaire,45.94071476052539,6.642640313173909,Ville,need_update,
0741759K,Ecole maternelle privée Les petits castors du Rhône SEYSSEL,Zone artisanale de l'île Sud,Seyssel,74,74910,primaire,45.93965669358573,5.835130242100139,Numéro de rue,need_update,
8308,MAC BLE EN HERBE ANNECY VIEUX,2 Clos du Buisson 74940 Annecy le Vieux,Annecy,74,74940,crèche,45.9126646375341,6.1449238800033,,need_update,
0010018P,Collège du Revermont,9 avenue DE JASSERON,Bourg-en-Bresse,1,1000,secondaire,46.21181539458769,5.242269978993372,Numéro de rue,need_update,
0010080G,Collège privé Jeanne d'Arc,35 avenue Jean Jaurès,Bourg-en-Bresse,1,1000,secondaire,46.19911085937898,5.218110588144843,Numéro de rue,need_update,
0010079F,Collège privé Saint Joseph,3 bis rue du Lycée,Bourg-en-Bresse,1,1000,secondaire,46.20045339062747,5.2260696368040565,Numéro de rue,need_update,
0010082J,Collège privé Saint-Pierre,33 rue SAMARITAINE,Bourg-en-Bresse,1,1000,secondaire,46.203747946835534,5.228359759991723,Numéro de rue,need_update,
3220,CRECHE FAMILIALE BOURG,111 Passage des Cordeliers 1000 BOURG-EN-BRESSE,Bourg-en-Bresse,1,1000,crèche,46.2042159819218,5.2264472400028,,need_update,
3055,CRECHE FAMILIALE BOUT CHOU,150 Allée des Sports 1000 SAINT-DENIS-LES-BOURG,Saint-Denis-lès-Bourg,1,1000,crèche,46.2034804790467,5.19173748000279,,need_update,
0010193E,Ecole primaire Lazare Carnot,1 rue Viala,Bourg-en-Bresse,1,1000,primaire,46.20019012307069,5.231090036354298,Numéro de rue,need_update,
0010269M,Ecole primaire privée Jeanne d'Arc,35 avenue Jean Jaurès,Bourg-en-Bresse,1,1000,primaire,46.19903165086265,5.21843041308185,Numéro de rue,need_update,
0010270N,Ecole primaire privée Notre-Dame,8 rue de Varenne,Bourg-en-Bresse,1,1000,primaire,46.20344014055524,5.228069598662691,Numéro de rue,need_update,
3216,ESP PETITE ENFANCE BAUDIERES,46 Avenue A. Mercier 1000 BOURG-EN-BRESSE,Bourg-en-Bresse,1,1000,crèche,46.2034449743397,5.2216902000028,,need_update,
3223,ESP PETITE ENFANCE CORDELIERS,111 Passage des Cordeliers 1000 BOURG-EN-BRESSE,Bourg-en-Bresse,1,1000,crèche,46.2042159819218,5.2264472400028,,need_update,
3222,ESP PETITE ENFANCE DES DIMES,14 Rue du Revermont 1000 BOURG-EN-BRESSE,Bourg-en-Bresse,1,1000,crèche,46.2092502496647,5.24398392000281,,need_update,
3226,ESP PETITE ENFANCE REYSSOUZE,8 Rue HENRI DUNANT 1000 BOURG-EN-BRESSE,Bourg-en-Bresse,1,1000,crèche,46.2123500816767,5.22877248000281,,need_update,
3219,ESP PETITE ENFANCE TERRE FLEUR,8 Rue des Lilas 1000 BOURG-EN-BRESSE,Bourg-en-Bresse,1,1000,crèche,46.206027041029,5.2094001600028,,need_update,
3225,HG CARAMEL ROUDOUDOU BOURG,12 Place Alexandre Dumas 1000 BOURG-EN-BRESSE,Bourg-en-Bresse,1,1000,crèche,46.212219669542,5.23157544000281,,need_update,
3224,HG GRAFFITINE BOURG,2 Rue Antoine Lorin 1000 BOURG-EN-BRESSE,Bourg-en-Bresse,1,1000,crèche,46.1909743021218,5.23122444000281,,need_update,
0010070W,Lycée général et technologique privé Saint Pierre,7  RUE VILLENEUVE,Bourg-en-Bresse,1,1000,secondaire,46.19933141333435,5.223329540723745,Numéro de rue,need_update,
0010099C,Lycée professionnel privé Saint Joseph - Lycée des métier des services administratifs et commerciaux - Lycée des métiers de l'électronique,3 bis rue du Lycée,Bourg-en-Bresse,1,1000,secondaire,46.20045339062747,5.2260696368040565,Numéro de rue,need_update,
3054,MULTI ACCUEIL BOUT CHOU,150 Allée des Sports 1000 SAINT-DENIS-LES-BOURG,Saint-Denis-lès-Bourg,1,1000,crèche,46.2034804790467,5.19173748000279,,need_update,
3215,MULTI ACCUEIL LPCR BOURG,268 Avenue SAN SEVERO 1000 BOURG-EN-BRESSE,Bourg-en-Bresse,1,1000,crèche,46.2167888919112,5.25012696000282,,need_update,
0010014K,Lycée général et technologique Edgar Quinet,5 avenue JEAN MARIE VERNE,Bourg-en-Bresse,1,1001,secondaire,46.1974269040711,5.226420241201327,Numéro de rue,need_update,
0010013J,Lycée général Lalande,16 rue du Lycée,Bourg-en-Bresse,1,1011,secondaire,46.201966704594064,5.22543050879642,Numéro de rue,need_update,
0010016M,Lycée polyvalent Joseph-Marie Carriat,1 rue DE CROUY,Bourg-en-Bresse,1,1011,secondaire,46.19781467444025,5.224190392039921,Numéro de rue,need_update,
0010021T,Lycée professionnel Marcelle Pardé - Lycée des métiers du réseau textile mode cuir,47 avenue ALSACE LORRAINE,Bourg-en-Bresse,1,1011,secondaire,46.20168889354713,5.221210546160652,Numéro de rue,need_update,
0010017N,Section d'enseignement professionnel du Lycée polyvalent Carriat,1 rue DE CROUY,Bourg-en-Bresse,1,1011,secondaire,46.19779461795044,5.223189373276942,Numéro de rue,need_update,
3254,MULTI ACCUEIL VISIOCRECHE,Parc VISIOSPORT 3 RIVIERES 1090 MONTCEAUX,Montceaux,1,1090,crèche,46.0907872116089,4.80309012000258,,need_update,
0010092V,Collège privé Saint Joseph,12 rue Michelet,Oyonnax,1,1100,secondaire,46.25965336735746,5.65632989664765,Numéro de rue,need_update,
0010160U,Ecole élémentaire Bernard Clavel,38 rue Général de Gaulle,Arbent,1,1100,primaire,46.2734383482593,5.674189926496077,Numéro de rue,need_update,
0010182T,Ecole élémentaire Pasteur Nord,11 rue Edgar Quinet,Oyonnax,1,1100,primaire,46.26005309913645,5.64985051619387,Numéro de rue,need_update,
0010183U,Ecole élémentaire Pasteur Sud,8 rue Molière,Oyonnax,1,1100,primaire,46.25860761574815,5.649089520835831,Numéro de rue,need_update,
0010139W,ECOLE ELEMENTAIRE PUBLIQUE,Rue des Ecoles,Martignat,1,1100,primaire,46.208321588057046,5.6116301678020335,Numéro de rue,need_update,
0010188Z,Ecole maternelle Centre,17 rue Michelet,Oyonnax,1,1100,primaire,46.25965169020715,5.654780147141328,Numéro de rue,need_update,
0010186X,Ecole maternelle Daudet Pagnol,8 rue Courteline,Oyonnax,1,1100,primaire,46.255806845827216,5.640350296510695,Numéro de rue,need_update,
0010184V,Ecole maternelle Pasteur,6 rue Molière,Oyonnax,1,1100,primaire,46.25888332625024,5.649360052374328,Numéro de rue,need_update,
0010187Y,Ecole maternelle Simone Veil,9 rue du Maquis,Oyonnax,1,1100,primaire,46.2616554202291,5.660030507703662,Numéro de rue,need_update,
0010157R,Ecole maternelle Sud,9 rue de Nierme,Oyonnax,1,1100,primaire,46.2540381847674,5.654370300810662,Numéro de rue,need_update,
0010141Y,Ecole primaire,Rue Louis Pergaud,Oyonnax,1,1100,primaire,46.268199401130644,5.629199740491587,Numéro de rue,need_update,
3009,HG COCCINELLE OYONNAX,15 Rue Michelet 1100 OYONNAX,Oyonnax,1,1100,crèche,46.2593821206589,5.65584048000304,,need_update,
3013,HG GRIBOUILLE OYONNAX,1 Place Maréchal Leclerc 1100 OYONNAX,Oyonnax,1,1100,crèche,46.25767101638,5.64420780000303,,need_update,
3112,MULTI ACCUEIL  ARBENT,1400 Rue du Général ANDREA 1100 ARBENT,Arbent,1,1100,crèche,46.2948058689288,5.68054872000305,,need_update,
3122,MULTI ACCUEIL  BELLIGNAT,1 Rue Goerges Cuvier 1100 BELLIGNAT,Bellignat,1,1100,crèche,46.251721623053,5.63319900000302,,need_update,
0010035H,Collège Louis Lumière,61 route de la Forge,Oyonnax,1,1101,secondaire,46.25485364646008,5.638289823414171,Numéro de rue,need_update,
0010034G,Lycée polyvalent Paul Painlevé,13 place DES DEPORTES DE 1944,Oyonnax,1,1108,secondaire,46.256662,5.660155,Numéro de rue,need_update,0.7930535784571309
3247,CRECHE FAM INTERCO HAUTEVILLE,Rue DES FONTANETTES 1110 HAUTEVILLE-LOMPNES,Hauteville-lompnes,1,1110,crèche,45.9815909782395,5.60040840000301,,need_update,
0010233Y,Ecole maternelle Centre,Rue Masonod,Plateau d'Hauteville,1,1110,primaire,45.978275,5.599233,Rue,need_update,0.8658241001512635
0010205T,Ecole primaire,Quartier Pré la Belle,Plateau d'Hauteville,1,1110,primaire,45.98723220910516,5.602012614634418,Rue,need_update,
0010207V,Ecole primaire,Route de l'Eglise,Plateau d'Hauteville,1,1110,primaire,45.97723865238977,5.603417786838033,Rue,need_update,
0010237C,Ecole Primaire,Route d'Evosges,Aranc,1,1110,primaire,46.00295885257653,5.508070497567531,Numéro de rue,need_update,
3246,MULTI ACC INTERCO HAUTEVILLE,Rue DES FONTANETTES 1110 HAUTEVILLE-LOMPNES,Hauteville-lompnes,1,1110,crèche,45.9815909782395,5.60040840000301,,need_update,
0010083K,Collège privé Saint Louis,Rue DU PENSIONNAT,Dagneux,1,1120,secondaire,45.85143793956035,5.068329400262818,Numéro de rue,need_update,
0010299V,Ecole primaire privée Saint Louis,Rue du Pensionnat,Dagneux,1,1120,primaire,45.851435159436306,5.06793999670826,Numéro de rue,need_update,
3238,MICRO CRECHE CHAPOTIERE DAGNEU,49 Chemin DES CHAPOTIERES 1120 DAGNEUX,Dagneux,1,1120,crèche,45.8559988817081,5.06182248000272,,need_update,
3239,MULTI ACCUEIL BAMBINS COTTEY,132 Place DES TILLEULS 1120 DAGNEUX,Dagneux,1,1120,crèche,45.8508981069824,5.07572172000272,,need_update,
3212,MULTI ACCUEIL LES BUISSARDOUX,425 Rue J. Guinet 1120 LA BOISSE,La Boisse,1,1120,crèche,45.8409505892337,5.0355889200027,,need_update,
3255,MULTI ACCUEIL MONTLUEL LEO LAG,25 Passage DE L'ARC 1120 MONTLUEL,Montluel,1,1120,crèche,45.850061096956,5.05271412000271,,need_update,
0010145C,Ecole élémentaire,Village Village d'en Bas,Charix,1,1130,primaire,46.182862614475376,5.685279558845827,Ville,need_update,
0010154M,Ecole primaire,Rue de la Devy,Les Neyrolles,1,1130,primaire,46.140929646335586,5.63288061189032,Numéro de rue,need_update,
0010032E,Lycée polyvalent Xavier Bichat,AVENUE DU LAC,Nantua,1,1130,secondaire,46.155415935346554,5.602849356998366,Numéro de rue,need_update,
3006,MULTI ACCUEIL NANTUA,15 Avenue de la Gare 1130 NANTUA,Nantua,1,1130,crèche,46.1516184193569,5.60439828000301,,need_update,
0010042R,Collège Bel Air,583 rue Albert Camus,Thoissey,1,1140,secondaire,46.1753642968195,4.8012194062656794,Numéro de rue,need_update,
0010095Y,Collège privé Saint Joseph,132 RUE JOSEPH BERLIOZ,Saint-Didier-sur-Chalaronne,1,1140,secondaire,46.17890042093674,4.814250295333496,Numéro de rue,need_update,
3058,MICRO CRECHE MA P'TITE MAISON,14 Rue DE LA DOMBE 1140 ST ETIENNE-SUR-CHALARONNE,Saint-Etienne-sur-Chalaronne,1,1140,crèche,46.1477922564618,4.86821736000261,,need_update,
0010026Y,Collège Paul Claudel,98 avenue SAINT EXUPERY,Lagnieu,1,1150,secondaire,45.89846945460407,5.344962827467159,Numéro de rue,need_update,
3248,MULTI ACCUEIL LE PETIT PRINCE,508 Avenue SAINT EXUPERY 1150 LAGNIEU,Lagnieu,1,1150,crèche,45.8941560949314,5.34521088000287,,need_update,
0010037K,Collège Louise de Savoie,5 rue EMILE LE BREUS,Pont-d'Ain,1,1160,secondaire,46.04576446691291,5.345419396772557,Numéro de rue,need_update,
3043,LES P'TITS LOUPS PONT D AIN,5 Rue LOUISE DE SAVOIE 1160 PONT-D'AIN,Pont-d'Ain,1,1160,crèche,46.0494766858853,5.34044520000287,,need_update,
0010088R,Collège privé Jeanne d'Arc,273 rue DE GENEVE,Gex,1,1170,secondaire,46.329794749455395,6.05960938072031,Numéro de rue,need_update,
0010107L,Ecole primaire,Rue de la Velle,Ségny,1,1170,primaire,46.29600112550236,6.073580269637648,Numéro de rue,need_update,
0010108M,Ecole primaire,Rue du Château,Vesancy,1,1170,primaire,46.34810038766823,6.089250179572686,Numéro de rue,need_update,
0010130L,Ecole primaire Françoise Dolto,253 rue Saint Maurice,Chevry,1,1170,primaire,46.28094816724511,6.039854670053365,Numéro de rue,need_update,
0010131M,Ecole primaire Les Chardons Bleus,Route de Gex,Crozet,1,1170,primaire,46.27905262138291,6.015070356692821,Numéro de rue,need_update,
3229,MA  A PETITS PAS CESSY LLPE,345 Rue JOSEPH LEGER 1170 CESSY,Cessy,1,1170,crèche,46.3169090324339,6.06861864000326,,need_update,
3243,MA LES DIABLOTINS GEX LLPE,115 Place GEORGES CHARPAK 1170 GEX,Gex,1,1170,crèche,46.3253699992079,6.03816084000324,,need_update,
3244,MULTI ACCUEIL LES MESANGES GEX,160 Rue MARC PANISSOD 1170 GEX,Gex,1,1170,crèche,46.3223731394999,6.05766672000325,,need_update,
0010024W,Collège Georges Charpak,100 place GEORGES CHARPAK,Gex,1,1173,secondaire,46.336003384573026,6.0640798176489605,Numéro de rue,need_update,
3048,MA LES MOUSSAILLONS PT DE VAUX,4 Chemin DES NIVRES 1190 PONT-DE-VAUX,Pont-de-Vaux,1,1190,crèche,46.4349709656071,4.94074584000265,,need_update,
0010008D,Collège Saint-Exupéry,15 avenue Saint Exupéry,Valserhône,1,1200,secondaire,46.112483631110365,5.8182922501165235,Numéro de rue,need_update,
3136,HALTE GARDERIE LES CALINOUS,6 Rue JOLIOT CURIE 1200 BELLEGARDE-SUR-VALSERINE,Bellegarde-sur-valserine,1,1200,crèche,46.1085854259543,5.81784120000312,,need_update,
0010006B,Lycée polyvalent Saint-Exupéry - Lycée des métiers de l'hôtellerie et des services - Lycée des métiers des énergies du bâtiment,15 avenue SAINT-EXUPERY,Valserhône,1,1200,secondaire,46.112483631110365,5.8182922501165235,Numéro de rue,need_update,
0010122C,Ecole élémentaire Yves de Tonnac,145 rue Saint Martin,Versonnex,1,1210,primaire,46.29663367248068,6.101630448229795,Numéro de rue,need_update,
0010112S,Ecole primaire,Chemin de Bejou,Ornex,1,1210,primaire,46.276206085784395,6.096030560057756,Numéro de rue,need_update,
0010110P,Ecole primaire Florian,1 avenue des Alpes,Ferney-Voltaire,1,1210,primaire,46.25771741793676,6.1166697453287995,Numéro de rue,need_update,
0010109N,Ecole primaire Jean Calas,Place de la Mairie,Ferney-Voltaire,1,1210,primaire,46.256677618142405,6.1070096735207455,Numéro de rue,need_update,
0010072Y,Lycée polyvalent international,Avenue des Sports,Ferney-Voltaire,1,1210,secondaire,46.26417531426239,6.116569685513785,Numéro de rue,need_update,
3073,MA  CHATONS LILETTE VERSONNEX,47 Rue SAINT MARTIN 1210 VERSONNEX,Versonnex,1,1210,crèche,46.2959325308829,6.10094556000327,,need_update,
3242,MA LA FARANDOLE FERNEY LLPE,1 Avenue VOLTAIRE 1210 FERNEY-VOLTAIRE,Ferney-Voltaire,1,1210,crèche,46.2562849441895,6.10886556000328,,need_update,
0010134R,Ecole maternelle Centre,138 rue du Mont Blanc,Divonne-les-Bains,1,1220,primaire,46.35523174398531,6.142799430682985,Numéro de rue,need_update,
0010117X,Ecole primaire Les Genévriers,Avenue des Genévriers,Sauverny,1,1220,primaire,46.30784474821193,6.104720041387123,Rue,need_update,
3240,MA LES PETITS LOUPS DIVONNE LL,55 Allée SAINT EXUPERY 1220 DIVONNE-LES-BAINS,Divonne-les-Bains,1,1220,crèche,46.3452975685241,6.1425216000033,,need_update,
0010039M,Collège de l'Albarine,48 avenue de l'Europe,Saint-Rambert-en-Bugey,1,1230,secondaire,45.9415466100717,5.431009651453726,Numéro de rue,need_update,
0010263F,Ecole primaire,Grande rue,Marlieux,1,1240,primaire,46.06445468348389,5.070760429762413,Numéro de rue,need_update,
3230,MULTI ACCUEIL CEYZERIAT LLPE,Place Du 19 Mars 1962 1250 CEYZERIAT,Ceyzériat,1,1250,crèche,46.1786670619,5.32211400000286,,need_update,
3064,MULTI ACCUEIL ST JUST LLPE,357 Chemin DE L ECOLE 1250 SAINT-JUST,Saint-Just,1,1250,crèche,46.1932635202009,5.28244740000283,,need_update,
0010225P,Ecole élémentaire,45 A rue de l'Eglise,Arvière-en-Valromey,1,1260,primaire,45.92957137882059,5.6879307765687965,Numéro de rue,need_update,
0010230V,Ecole primaire,43 Rue de la Croix Rouge,Champagne-en-Valromey,1,1260,primaire,45.934199,5.706274,Rue,need_update,0.8596387294079967
3241,MICRO CRECHE CAR HIBOU DOMSURE,Village LE BOURG 1270 DOMSURE,Domsure,1,1270,crèche,46.4016481252693,5.29164972000284,,need_update,
3049,MA LES PETITS ELECTRONS PREVES,83 Rue DES ACCULATS 1280 PREVESSIN-MOENS,Prévessin-Moëns,1,1280,crèche,46.2558239494998,6.07140216000326,,need_update,
3245,MA CROQ POMMES GRIEGES,61 Impasse DES PLATANES 1290 GRIEGES,Grièges,1,1290,crèche,46.2552022726082,4.8496406400026,,need_update,
3152,CRECHE FAMILIALE CCAS BELLEY,10 Rue DU CHAPITRE 1300 BELLEY,Belley,1,1300,crèche,45.7568144691114,5.68917180000305,,need_update,
0010224N,Ecole primaire,45 impasse des Ravens,Contrevoz,1,1300,primaire,45.80419369107434,5.628979343872984,Numéro de rue,need_update,
0010268L,Ecole primaire privée Sainte Anne,41 rue Georges Girerd,Belley,1,1300,primaire,45.761128922274125,5.684897616901847,Numéro de rue,need_update,
3157,JARDIN D ENFANTS CCAS BELLEY,170 Avenue PAUL CHASTEL 1300 BELLEY,Belley,1,1300,crèche,45.7588558475955,5.68254636000305,,need_update,
3227,LES PETITS LUTINS,Place DES SPORTS 1300 BREGNIER-CORDON,Brégnier-Cordon,1,1300,crèche,45.6252525898118,5.62826160000302,,need_update,
3145,MULTI ACCUEIL CCAS BELLEY,10 Rue DU CHAPITRE 1300 BELLEY,Belley,1,1300,crèche,45.7568144691114,5.68917180000305,,need_update,
0010069V,Lycée général et technologique privé Ensemble scolaire Lamartine,41 rue GEORGES GIRERD,Belley,1,1302,secondaire,45.76153003244136,5.684550236253894,Numéro de rue,need_update,
0010010F,Lycée général et technologique du Bugey,113 rue DU 5E RTM,Belley,1,1306,secondaire,45.762141,5.689722,Numéro de rue,need_update,0.7863108333325899
3236,MA CALINS TROTINETTES CONFRANC,53 Route DE CURTAFOND 1310 CONFRANCON,Confrançon,1,1310,crèche,46.2678450104787,5.06722320000272,,need_update,
3031,MULTI 123 FRIMOUSSES POLLIAT,27 Place de l'école maternelle 1310 POLLIAT,Polliat,1,1310,crèche,46.2482945263454,5.12576892000275,,need_update,
3231,PETITE ENFANCE MOSAIQUE,31 Place DES ECOLES 1320 CHALAMONT,Chalamont,1,1320,crèche,46.0051343009728,5.16867264000278,,need_update,
0010259B,ECOLE ELEMENTAIRE DAPPLICATION,Place de Verdun,Villars-les-Dombes,1,1330,primaire,46.00064801716953,5.029359789917609,Numéro de rue,need_update,
3074,MULTI ACCUEIL VILLARS LES DBES,Impasse DES JARDINS 1330 VILLARS LES DOMBES,Villars-les-Dombes,1,1330,crèche,46.0059953545547,5.0280134400027,,need_update,
0010253V,Ecole primaire privée,380 rue de l'Eglise,Attignat,1,1340,primaire,46.28928435645418,5.1629997195377335,Numéro de rue,need_update,
3257,MA A P TITS PAS MONTREVEL,200 Rue Charrière Basse 1340 MONTREVEL-EN-BRESSE,Montrevel-en-Bresse,1,1340,crèche,46.3400813049967,5.13026784000275,,need_update,
0010022U,Collège Henry Dunant,200 rue CLAUDIUS RICHARD,Culoz,1,1350,secondaire,45.84781942425728,5.789129706930483,Numéro de rue,need_update,
0010216E,Ecole maternelle,Rue de l'Eglise,Culoz,1,1350,primaire,45.85061193274115,5.781450636716642,Numéro de rue,need_update,
0010210Y,Ecole primaire,Rue Ecoles,Anglefort,1,1350,primaire,45.914136,5.809443,Rue,need_update,0.6301549309684986
0010227S,Ecole primaire,Lieu-dit Le Bourg,Béon,1,1350,primaire,45.85496226278242,5.749909603026499,Ville,need_update,
3237,MULTI ACC ESPACE ENF COLOMBIER,9 Clos A. Poncet 1350 CULOZ,Culoz,1,1350,crèche,45.848659490697,5.7799573200031,,need_update,
3127,LPCR LA VALBONNE,Rue DE LA POSTE 1360 BELIGNEUX,Béligneux,1,1360,crèche,45.8485334835735,5.12745300000275,,need_update,
5523,LES PTITS LOUPS,Camp Militaire de la Valbonne 1365 BELIGNEUX,Béligneux,1,1365,crèche,45.8520900346606,5.12796996000275,,need_update,
3168,MULTI ACCUEIL CARAM BOLE BENY,Lieu dit LE POISIAT 1370 BENY,Bény,1,1370,crèche,46.3356397945784,5.28680628000284,,need_update,
3057,MULTI ACCUEIL POM CANNELLE,180 Allée des Ecoliers 1370 SAINT-ETIENNE-DU-BOIS,Saint-Etienne-du-Bois,1,1370,crèche,46.2881117081167,5.29651296000284,,need_update,
0010005A,Collège Roger Poulnard,131 rue de la Mairie,Bâgé-Dommartin,1,1380,secondaire,46.31715022871056,4.945990387084464,Numéro de rue,need_update,
3053,MC CROQ CINELLE ST CYR MENTHON,15 Rue DU CENTRE 1380 SAINT-CYR-SUR-MENTHON,Saint-Cyr-sur-Menthon,1,1380,crèche,46.2754737693809,4.96638288000267,,need_update,
3117,MULTI ACCUEIL DE BAGE LA VILLE,15 Chemin DU GRAND CHENE 1380 BAGE-DOMMARTIN,Bâgé-Dommartin,1,1380,crèche,46.3167971439382,4.94166780000265,,need_update,
0010244K,Ecole primaire,Route Bois Ravat,Civrieux,1,1390,primaire,45.921861490330606,4.883359869254327,Numéro de rue,need_update,
0010251T,Ecole primaire,Place Alain Chapel,Mionnay,1,1390,primaire,45.89556743678215,4.931379685569472,Ville,need_update,
3250,MICRO CRECHE MIONNAY,36 Place DU BIEF 1390 MIONNAY,Mionnay,1,1390,crèche,45.8917752705377,4.91824764000264,,need_update,
3052,MULTI ACCUEIL LES 4 SAISONS,181 Impasse DU MONT BLANC 1390 SAINT-ANDRE-DE-CORCY,Saint-André-de-Corcy,1,1390,crèche,45.9263306809928,4.95390708000266,,need_update,
0010084L,Collège privé Saint Charles,36 RUE PHILIBERT COLLET,Châtillon-sur-Chalaronne,1,1400,secondaire,46.11912236275083,4.956079389852488,Numéro de rue,need_update,
0010020S,Lycée professionnel Georges Charpak - Lycée des métiers de la maintenance des engins mécaniques,Avenue Charles de Gaulle,Châtillon-sur-Chalaronne,1,1400,secondaire,46.12551422242611,4.95989039950852,Numéro de rue,need_update,
3007,MULTI ACCUEIL ARCHE DES BAMBIN,200 Route de Bourg 1400 NEUVILLE-LES-DAMES,Neuville-les-Dames,1,1400,crèche,46.1634908868782,5.00831496000269,,need_update,
3233,MULTI ACCUEIL BRIN DE MALICE,100 Avenue Maréchal Foch 1400 CHATILLON-SUR-CHALARONNE,Châtillon-sur-Chalaronne,1,1400,crèche,46.1214695347795,4.95557568000266,,need_update,
3232,MULTI ACCUEIL TOMPOUCE,40 Place des Halles 1400 CHATILLON-SUR-CHALARONNE,Châtillon-sur-Chalaronne,1,1400,crèche,46.1188576691543,4.95664668000266,,need_update,
0010106K,Ecole élémentaire,Rue de Mijoux,Lélex,1,1410,primaire,46.30317018569841,5.940510231463184,Ville,need_update,
0010138V,Ecole Primaire,Route Val Mijoux,Mijoux,1,1410,primaire,46.36403347006766,5.9908903901749895,Numéro de rue,need_update,
0010211Z,Ecole primaire,Rue des Papillons,Chanay,1,1420,primaire,46.00475474786521,5.784460051287205,Numéro de rue,need_update,
0010149G,Ecole primaire,Chemin de l'Egalité,Maillat,1,1430,primaire,46.12569776897484,5.540060216456701,Numéro de rue,need_update,
3076,CF PREMIER PAS VIRIAT,79 Chemin de Thevenon 1440 VIRIAT,Viriat,1,1440,crèche,46.2557372014157,5.2138587600028,,need_update,
3077,MA MAIN DANS LA MAIN VIRIAT,79 Chemin de Thevenon 1440 VIRIAT,Viriat,1,1440,crèche,46.2557372014157,5.2138587600028,,need_update,
3075,MICRO CRECHE DE VIRIAT,171 Avenue DE MACON 1440 VIRIAT,Viriat,1,1440,crèche,46.2126054245011,5.2171660800028,,need_update,
0010036J,Collège Roger Vailland,Rue PAUL EMILE VICTOR,Poncin,1,1450,secondaire,46.08397870499455,5.409410125663021,Numéro de rue,need_update,
3037,MULTI ACCUEIL FA BULETTE,Rue DE LA VERCHERE 1450 PONCIN,Poncin,1,1450,crèche,46.0867383484073,5.4050522400029,,need_update,
0010152K,Ecole maternelle,40 avenue de Douglas,Montréal-la-Cluse,1,1460,primaire,46.18698942219107,5.5726705171282305,Numéro de rue,need_update,
0010123D,Ecole primaire,Rue des Prairies,Port,1,1460,primaire,46.16313909147565,5.568730313133443,Numéro de rue,need_update,
0010144B,Ecole primaire,405 rue du Château,Brion,1,1460,primaire,46.17106015740126,5.553029871920715,Numéro de rue,need_update,
0010146D,Ecole primaire,16 impasse de l'Ecole,Béard-Géovreissiat,1,1460,primaire,46.188703238072726,5.546619443035713,Numéro de rue,need_update,
0010175K,Ecole primaire,13 chemin Gare,Nurieux-Volognat,1,1460,primaire,46.18372984633709,5.5246995541307236,Numéro de rue,need_update,
3256,MULTI ACCUEIL MONTREAL LA CLUS,22 Rue JURA 1460 MONTREAL-LA-CLUSE,Montréal-la-Cluse,1,1460,crèche,46.1768129732553,5.57942292000299,,need_update,
3228,CRECHE COLLECTIVE BRIORD,Rue de la Salle des Fêtes 1470 BRIORD,Briord,1,1470,crèche,45.7864197625124,5.45722776000293,,need_update,
3068,HG LES PETITS MOUSSES SERRIERE,Place de la Poste 1470 SERRIERES-DE-BRIORD,Serrières-de-Briord,1,1470,crèche,45.8118875341403,5.44008528000292,,need_update,
7711,EAJE LA SOURIS VERTE,433 Rue de la Mairie 1480 JASSANS RIOTTIER,Jassans-Riottier,1,1480,crèche,45.982442391949,4.75846956000255,,need_update,
0010245L,Ecole primaire Juliette Marcel Merle,Rue des Ecoles,Frans,1,1480,primaire,45.99199126780706,4.775839885488266,Numéro de rue,need_update,
0010076C,Collège privé Sainte Marie,21 RUE DU PENSIONNAT,Ambérieu-en-Bugey,1,1500,secondaire,45.95838128600078,5.361560624229245,Numéro de rue,need_update,
0010002X,Collège Saint-Exupéry,6 rue AGUETANT,Ambérieu-en-Bugey,1,1500,secondaire,45.96240172205779,5.35564999692273,Numéro de rue,need_update,
0010093W,Ecole primaire privée Sainte Marie,21 rue du Pensionnat,Ambérieu-en-Bugey,1,1500,primaire,45.95827181744018,5.361409965906623,Numéro de rue,need_update,
0010001W,Lycée professionnel Alexandre Bérard - Lycée des métiers de l'énergie et de l'habitat,223 rue ALEXANDRE BERARD,Ambérieu-en-Bugey,1,1500,secondaire,45.97496540033305,5.350240210822939,Numéro de rue,need_update,
3047,MULTI ACCUEIL ARC EN CIEL,Rue du Clos Lebreton 1500 AMBERIEU-EN-BUGEY,Ambérieu-en-Bugey,1,1500,crèche,45.9592177594204,5.35107852000287,,need_update,
0010192D,Ecole primaire,Place des Saints Martinans,Saint-Martin-de-Bavel,1,1510,primaire,45.84943826598492,5.681090092001772,Numéro de rue,need_update,
0010218G,Ecole primaire Les Pelans,Rue des Ecoles,Virieu-le-Grand,1,1510,primaire,45.84942,5.65108,Rue,need_update,0.8606648231453592
0010046V,Collège du Renon,230 rue DU VERNAY,Vonnas,1,1540,secondaire,46.21923193356951,4.987420600330237,Numéro de rue,need_update,
0010312J,Ecole primaire,67 grande rue,Perrex,1,1540,primaire,46.24400169897304,4.979589766030886,Numéro de rue,need_update,
3063,MICRO CRECHE LES PTITES POUSS,Village LE VILLAGE 1540 SAINT-JULIEN-SUR-VEYLE,Saint-Julien-sur-Veyle,1,1540,crèche,46.2017690014848,4.96075860000266,,need_update,
3235,MA LA RIBAMBELLE COLLONGES LLP,116 Route BIZOT 1550 COLLONGES,Collonges,1,1550,crèche,46.1368914154872,5.90522688000317,,need_update,
3067,MULTI LE JARDIN DES LIBELLULES,120 Rue DE LA GENDARMERIE 1560 SAINT-TRIVIER-DE-COURTES,Saint-Trivier-de-Courtes,1,1560,crèche,46.458414713556,5.07812472000272,,need_update,
0010086N,Collège privé Saint Charles,79 rue DE L'EGLISE,Feillens,1,1570,secondaire,46.33555429911112,4.888260468045971,Numéro de rue,need_update,
0010172G,Ecole primaire,180 rue de l'Oignin,Izernore,1,1580,primaire,46.21882890420945,5.551739527732223,Numéro de rue,need_update,
0010165Z,Ecole élémentaire,Rue des Ecoles,Dortan,1,1590,primaire,46.31969961031714,5.658220426818085,Numéro de rue,need_update,
0010097A,Collège privé de la Sidoine,308 avenue du 1er RFM,Trévoux,1,1600,secondaire,45.93760515615645,4.783610025128626,Numéro de rue,need_update,
3072,CRECHE COLLECTIVE LE TOURNESOL,178 Chemin d'Arras 1600 TREVOUX,Trévoux,1,1600,crèche,45.9456964954172,4.76249292000256,,need_update,
0010241G,Ecole maternelle Poyat,20 boulevard Poyat,Trévoux,1,1600,primaire,45.940274426796975,4.784039876361977,Numéro de rue,need_update,
0010240F,Ecole primaire,19 boulevard Poyat,Trévoux,1,1600,primaire,45.93904930063335,4.7830203215282525,Numéro de rue,need_update,
0010250S,Ecole primaire,9 chemin du Petit Bois,Massieux,1,1600,primaire,45.907822600557196,4.817340572035558,Numéro de rue,need_update,
0010255X,Ecole primaire,Allée des Marronniers,Parcieux,1,1600,primaire,45.91650299739594,4.824219981167786,Numéro de rue,need_update,
0010059J,"Lycée d'enseignement général, technologique et professionnel agricole de Cibeins-Miserieux",DOMAINE DE CIBEINS,Misérieux,1,1600,secondaire,45.98452225628568,4.8028203380392736,Numéro de rue,need_update,
3017,MICRO CRECHE PARCIEUX,21 Route DES MARRONNIERS 1600 PARCIEUX,Parcieux,1,1600,crèche,45.9164741776287,4.82366484000259,,need_update,
3071,MULTI ACCUEIL LE CLOS TREVOUX,178 Chemin d'Arras 1600 TREVOUX,Trévoux,1,1600,crèche,45.9456964954172,4.76249292000256,,need_update,
3056,MULTI ACCUEIL ST DIDIER DE FOR,55 Route DE TREVOUX 1600 SAINT-DIDIER-DE-FORMANS,Saint-Didier-de-Formans,1,1600,crèche,45.9551855281755,4.78058364000257,,need_update,
0010066S,Collège Jean Moulin,749 chemin DES CORBETTES,Trévoux,1,1606,secondaire,45.943486742885554,4.768870113705693,Numéro de rue,need_update,
0010118Y,Ecole primaire,316 route de Thoiry,Sergy,1,1630,primaire,46.251125927055796,5.996330211442412,Numéro de rue,need_update,
0010116W,Ecole primaire Prégnin,61 rue du Fierney,Saint-Genis-Pouilly,1,1630,primaire,46.266838624857314,6.037470248860145,Numéro de rue,need_update,
3021,HALTE GARDERIE LA ROULINOTTE,1 Place ST ANTOINE - 1630 PERON,Péron,1,1630,crèche,46.1893597554173,5.92645356000318,,need_update,
3060,MA COLIN MAILLARD ST GENIS POU,25 Rue LUCIE AUBRAC 1630 SAINT-GENIS-POUILLY,Saint-Genis-Pouilly,1,1630,crèche,46.2509282554593,6.02735364000324,,need_update,
3061,MULTI AC LES PITCHOUNS ST GENI,40 Rue JULES FERRY 1630 SAINT-GENIS-POUILLY,Saint-Genis-Pouilly,1,1630,crèche,46.2439873555513,6.02583876000323,,need_update,
3062,MULTI ACCUEIL FRIMOUSSE RAPC,39 Grand rue 1640 SAINT-JEAN-LE-VIEUX,Saint-Jean-le-Vieux,1,1640,crèche,46.0278663960598,5.38755660000289,,need_update,
3234,MULTI ACCUEIL POMME D API CHAV,Village LE VILLAGE 1660 CHAVEYRIAT,Chaveyriat,1,1660,crèche,46.1980825035326,5.05815192000271,,need_update,
3251,CRECHE FAMILIALE MIRIBEL,176 Allée Pierre PERRET 1700 MIRIBEL,Miribel,1,1700,crèche,45.8663030602204,4.91340168000264,,need_update,
0010280Z,Ecole primaire Jean de La Fontaine,1451 rue de la Dombes,Miribel,1,1700,primaire,45.87016033094795,4.921140105535644,Numéro de rue,need_update,
3252,HG RIBAMBELLE MIRIBEL,10 Rue de la Paix 1700 MIRIBEL,Miribel,1,1700,crèche,45.8282766045389,4.97038320000267,,need_update,
0010075B,Lycée général et technologique privé Saint Joseph,101 rue HENRI GROBON,Miribel,1,1700,secondaire,45.82501963030465,4.950830610483265,Numéro de rue,need_update,
3253,MULTI ACCUEIL  MIRIBEL,176 Allée Pierre PERRET 1700 MIRIBEL,Miribel,1,1700,crèche,45.8663030602204,4.91340168000264,,need_update,
3066,MULTI ACCUEIL BERCEAU DES ILES,1 Chemin DE THIL 1700 SAINT-MAURICE-DE-BEYNOST,Saint-Maurice-de-Beynost,1,1700,crèche,45.823954757911,4.98906540000268,,need_update,
3209,MULTI ACCUEIL DE BEYNOST,421 Rue DES THERMES 1700 BEYNOST,Beynost,1,1700,crèche,45.837492646938,4.99797576000268,,need_update,
3065,MULTI ACCUEIL F DOLTO ST MAURI,Place CHARLES de GAULLE 1700 SAINT-MAURICE-DE-BEYNOST,Saint-Maurice-de-Beynost,1,1700,crèche,45.8292817595675,4.97851920000267,,need_update,
3070,MA LES CALINOUS THOIRY LLPE,288 Rue DE CREUX 1710 THOIRY,Thoiry,1,1710,crèche,46.2298841432372,5.98556268000321,,need_update,
8390,MA Les P'tits Pieds Dans L'eau,Rue Romans Petit 1750 ST LAURENT S/ SAONE,Saint-Laurent,1,1750,crèche,46.3058206408596,4.8427822800026,,need_update,
3050,MULTI ACCUEIL DE REPLONGES,70 Impasse DE LA CROIX DU CREUX 1750 REPLONGES,Replonges,1,1750,crèche,46.3127661461405,4.87611036000262,,need_update,
0010041P,Collège Vaugelas,19 avenue DOCTEUR BERTHIER,Meximieux,1,1800,secondaire,45.90754181382036,5.188640403667234,Numéro de rue,need_update,
3249,MULTI ACCUEIL A PETITS PAS,8 Rue DE LA GARE 1800 MEXIMIEUX,Meximieux,1,1800,crèche,45.9026180696694,5.19349356000279,,need_update,
0010054D,Section d'enseignement général et professionnel adapté du Collège Vaugelas,19 avenue DOCTEUR BERTHIER,Meximieux,1,1800,,45.90754181382036,5.188640403667234,Numéro de rue,need_update,
0010089S,Collège privé Saint Pierre,261 route du Collège,Marboz,1,1851,secondaire,46.34114628974638,5.259560023313107,Numéro de rue,need_update,
3025,MULTI ACCUEIL LOGIS  MARMOUSET,69 Rue J. Monnet 1960 PERONNAS,Péronnas,1,1960,crèche,46.1790556697584,5.20119396000279,,need_update,
0260049M,Collège Jean Zay,Allée RAYMOND MIAS,Valence,26,26000,secondaire,44.935948417379606,4.900380073332593,Numéro de rue,need_update,
1947,CRECHE MAURICE RAVEL VALENCE,Rue MAURICE RAVEL 26000 VALENCE,Valence,26,26000,crèche,44.9334872988543,4.92047388000264,,need_update,
0261494H,Ecole primaire privée IQRA,Rue LUDWIG VAN BEETHOVEN,Valence,26,26000,primaire,44.933615389198444,4.924169517855132,Numéro de rue,need_update,
1952,MA LES GRABOUILLES LAUTAGNE,Avenue des Langories 26000 VALENCE,Valence,26,26000,crèche,44.9045950349801,4.90546872000263,,need_update,
1951,MA LES GRABOUILLES SUD VALENCE,Avenue de la Condamine 26000 VALENCE,Valence,26,26000,crèche,44.9006634611786,4.87224900000262,,need_update,
1946,MA MAURICE RAVEL VALENCE,Place MAURICE RAVEL 26000 VALENCE,Valence,26,26000,crèche,44.9334872988543,4.92047388000264,,need_update,
0260599K,Ecole maternelle Pierre et Marie Curie,Avenue du Poilu de 14/18,Bourg-de-Péage,26,26300,primaire,45.0333359377784,5.065370297011841,Rue,need_update,
0261016N,Ecole primaire Marcel Pagnol,Avenue Ville de Verbania,Bourg-de-Péage,26,26300,primaire,45.02964032215731,5.060660137684124,Numéro de rue,need_update,
0260164M,Ecole publique Charpey,Place de l'Ancienne Mairie,Charpey,26,26300,primaire,44.93943429247686,5.091260637297195,Ville,need_update,
0260343G,Ecole publique St Mamans,Hameau Saint Mamans,Rochefort-Samson,26,26300,primaire,44.98758311481363,5.167339473013915,Rue,need_update,
1653,MA LES CHATONS CHATEAUNEUF ISE,Rue du moulin 26300 CHATEAUNEUF SUR ISERE,Châteauneuf-sur-Isère,26,26300,crèche,45.0131632107225,4.93022808000265,,need_update,
0260765R,Lycée d'enseignement général et technologique agricole de Bourg-les-Valence,AVENUE DE LYON,Bourg-lès-Valence,26,26500,secondaire,44.95897030643331,4.894880338264217,Numéro de rue,need_update,
1885,MA COULEUR GRENADINE PONT ISER,Avenue DE PROVENCE 26600 PONT DE L'ISERE,Pont-de-l'Isère,26,26600,crèche,45.0046126466163,4.86807516000261,,need_update,
1888,MA LES MARMOTTES ROCHE DE GLUN,Allée Des Milles Fleurs 26600 ROCHE DE GLUN,La Roche-de-Glun,26,26600,crèche,45.0092920083734,4.8479086800026,,need_update,
734,MA LPCR POLYTEC,Rue DES BERGES 38000 GRENOBLE,Grenoble,38,38000,crèche,45.2046939774091,5.70244284000306,,need_update,
701,CC LA FARANDOLE,Allée Ronsard 38130 ECHIROLLES,Echirolles,38,38130,crèche,45.1527197204679,5.70503160000306,,need_update,
0381569Z,Ecole maternelle Auguste Delaune,Rue Jean Henri Fabre,Echirolles,38,38130,primaire,45.13946904965803,5.714300343547781,Numéro de rue,need_update,
0382141W,Ecole maternelle Elsa Triolet,Allée du Gatinais,Echirolles,38,38130,primaire,45.15733908725687,5.720630389767008,Numéro de rue,need_update,
709,HG LES ESSARTS,Place DE LA CONVENTION 38130 ECHIROLLES,Echirolles,38,38130,crèche,45.156518258736,5.71590792000307,,need_update,
707,HG SURIEUX,27 Place BEAUMARCHAIS 38130 ECHIROLLES,Echirolles,38,38130,crèche,45.156557226555,5.72234328000307,,need_update,
702,MA FAMILIAL LES LUTINS,Allée DU BERRY 38130 ECHIROLLES,Echirolles,38,38130,crèche,45.1557930970333,5.72269608000307,,need_update,
0381904N,Section d'enseignement général et professionnel adapté du Collège Jean Vilar,Allée JEAN VILAR,Echirolles,38,38130,,45.156183,5.72973,Rue,need_update,0.8753407675032059
0380067S,Collège Condorcet,Rue DE LA CONTAMINE,Tullins,38,38210,secondaire,45.298475774092225,5.486220580898143,Numéro de rue,need_update,
0380780S,Ecole primaire,Place Joseph Garavel,Morette,38,38210,primaire,45.285289966398324,5.453449937028987,Numéro de rue,need_update,
631,MA MAISON DE LA PETITE ENFANCE,38210 TULLINS,Tullins,38,38210,crèche,45.2786199861195,5.47329780000294,,need_update,
0382922V,Ecole maternelle Maupertuis,Chemin Chalandes,Meylan,38,38240,primaire,45.209778656627506,5.77762003677942,Ville,need_update,
0382921U,Ecole primaire Maupertuis,Place Chalandes,Meylan,38,38240,primaire,45.209778656627506,5.77762003677942,Ville,need_update,
737,MA MAUPERTUIS,Place DES CHALLENDES 38240 MEYLAN,Meylan,38,38240,crèche,45.2136425874204,5.79663612000311,,need_update,
0382591K,Ecole maternelle Linné,Rue Linné,Bourgoin-Jallieu,38,38300,primaire,45.611156,5.270295,Rue,need_update,0.8742582851426038
0380656G,Ecole maternelle Pré Bénit,Rue des Ecoles,Bourgoin-Jallieu,38,38300,primaire,45.59297879605707,5.283820580032706,Numéro de rue,need_update,
0380008C,Lycée général et technologique L'Oiselet,Rue VAUCANSON,Bourgoin-Jallieu,38,38301,secondaire,45.590785,5.271203,Rue,need_update,0.8742578804863059
0382100B,Collège du Grésivaudan,Place DE L'AGORA,Saint-Ismier,38,38330,secondaire,45.241233,5.822015,Rue,need_update,0.8684797729995474
0382091S,Ecole maternelle,Chemin de la Mairie,Saint-Nazaire-les-Eymes,38,38330,primaire,45.24828484802552,5.84992964850237,Numéro de rue,need_update,
0382318N,Ecole primaire Clos Marchand,Avenue de la Dent de Crolles,Saint-Ismier,38,38330,primaire,45.250151375075276,5.830270427557573,Numéro de rue,need_update,
0381105V,Ecole maternelle Vaillant-Couturier,Place du 8 Février 1962,Saint-Martin-d'Hères,38,38400,primaire,45.183534,5.750666,Rue,need_update,0.8756521310281539
0382595P,Ecole primaire Vaillant-Couturier,Place du 8 Février 1962,Saint-Martin-d'Hères,38,38400,primaire,45.18382916033125,5.751450013250283,Numéro de rue,need_update,
0382213Z,Ecole maternelle Paul Eluard,Rue des Ouvriers Papetiers,Moirans,38,38430,primaire,45.326857336528064,5.560489452222685,Numéro de rue,need_update,
0382536A,Ecole primaire Gérard Philipe,Rue des Ouvriers Papetiers,Moirans,38,38430,primaire,45.3271064630379,5.559720557684354,Numéro de rue,need_update,
0383154X,Ecole primaire Simone Veil,Place de l'Assemblée Départementale,Moirans,38,38430,primaire,45.32642214115104,5.56422938476671,Rue,need_update,
7140,MULTI ACCUEIL GRAINES DE GENET,Bourg MAIRIE 63122 SAINT-GENES-CHAMPANELLE,Saint-Genès-Champanelle,63,63122,crèche,45.7204971047176,3.01792860000162,,need_update,
7136,MA LES PETITS LUTINS ROYAT,21 Rue de la Pépinière 63130 ROYAT,Royat,63,63130,crèche,45.7648685322322,3.04678656000164,,need_update,
7133,CRECHE FAMILIALE RIOM,3 Avenue DU 19 MARS 1962 63200 RIOM,Riom,63,63200,crèche,45.8826393944191,3.12964812000168,,need_update,
7134,MULTI ACCUEIL RIOM,5 Rue AMABLE FAUCON 63200 RIOM,Riom,63,63200,crèche,45.8873895709619,3.11166036000167,,need_update,
7145,MA LES PETITS OURSONS,Rue de la Mairie 63230 SAINT-OURS,Saint-Ours,63,63230,crèche,45.8483022817011,2.89614564000155,,need_update,
7125,MC PIONSAT CC,Rue Général De Gaulle 63330 PIONSAT,Pionsat,63,63330,crèche,46.1094256500992,2.69306784000145,,need_update,
7144,MC ST MAURICE PRES PIONSAT CC,63330 SAINT-MAURICE-PRES-PIONSAT,Saint-Maurice-près-Pionsat,63,63330,crèche,46.0700254196677,2.59064892000139,,need_update,
7138,"M.A. ""TIPIPOLE"" ST BEAUZIRE",Rue Blaise Pascal 63360 SAINT-BEAUZIRE,Saint-Beauzire,63,63360,crèche,45.842584995667,3.19709772000172,,need_update,
7141,MC LES PETITS COEURS CC,Rue JULES FERRY 63390 SAINT-GERVAIS-D'AUVERGNE,Saint-Gervais-d'Auvergne,63,63390,crèche,46.0295014265715,2.81378880000151,,need_update,
7131,MULTI ACCUEIL LES P TITS MOMES,48 Route de Volvic 63410 CHARBONNIERES-LES-VARENNES,Charbonnières-les-Varennes,63,63410,crèche,45.8871300890701,2.9843571600016,,need_update,
7132,MULTI ACCUEIL PONT DU CHATEAU,13 Avenue Roger Prat 63430 PONT-DU-CHATEAU,Pont-du-Château,63,63430,crèche,45.801471505091,3.24355464000174,,need_update,
7137,MA LES CHEIR UBINS ST AMANT TD,63450 SAINT-AMANT-TALLENDE,Saint-Amant-Tallende,63,63450,crèche,45.6667645291328,3.10855356000167,,need_update,
7135,MULTI-ACCUEIL CCAS ROMAGNAT,3 Rue des fours-à -chaux 63540 ROMAGNAT,Romagnat,63,63540,crèche,45.727277397009,3.10131756000166,,need_update,
7139,MULTI ACCUEIL LES BOUT'CHOUS,Place DE LA MAIRIE 63700 SAINT-ELOY-LES-MINES,Saint-Eloy-les-Mines,63,63700,crèche,46.1804895566461,2.80805400000151,,need_update,
0741480G,Ecole primaire publique Quai Jules Philippe ANNECY,Quai Jules Philippe,Annecy,74,74000,primaire,45.89983932381032,6.1297498089169915,Numéro de rue,need_update,
0740497N,Ecole élémentaire publique LESCHAUX,Chef Lieu,Leschaux,74,74320,primaire,45.7708954073308,6.124140204662939,Numéro de rue,need_update,
0741109D,Ecole primaire publique Barral Seynod ANNECY,Rue de l'Orme,Annecy,74,74600,primaire,45.89136064950109,6.11232957462918,Numéro de rue,need_update,
0010180R,Ecole élémentaire Jean Moulin,Place des Déportés,Oyonnax,1,1100,primaire,46.257737792120274,5.660459760271131,Numéro de rue,need_update,
